[
	{ "name": "Zuzanna Bautista", "id": "5555f9be-ac9b-1e8e-1445-ad50e82bf449" },
	{ "name": "Sacha Bryant", "id": "a2da26d7-05dc-3b5a-b59d-b4ca9916a7a8" },
	{ "name": "Shayan Nunez", "id": "dfd49d21-4a68-1a3c-2bb3-1805a292590a" },
	{ "name": "Aronas Amos", "id": "906402b9-2dbe-7028-a814-60cb56b1eb9d" },
	{ "name": "Karina Maxwell", "id": "e55fee6b-561c-23db-931b-faa1e9f76160" },
	{ "name": "Alfie-Lee Woodley", "id": "560e93e4-aae4-bc4a-6702-8f4003dbb681" },
	{ "name": "Ada Kent", "id": "d765ff37-b0d1-a8b6-dc06-0148cb4fb3f6" },
	{ "name": "Tiernan Drake", "id": "27eb5c5a-cad7-6de9-8ee1-693dbcbe16a8" },
	{ "name": "Balraj Powell", "id": "b6b01383-ce73-acb8-a7f1-24cf204e27ab" },
	{ "name": "Rodney Richardson", "id": "4ef80014-283c-cac3-e8d3-e8ac725c8d96" },
	{ "name": "Eira Martins", "id": "0b7a6d39-b981-c51e-a56e-d3259547a59b" },
	{ "name": "Ikrah Barker", "id": "247b57f5-1661-4465-a3d4-faec76982ac9" },
	{ "name": "Sherry Cantrell", "id": "46552d2a-aeb2-3cdd-3d01-d049a5f9989c" },
	{ "name": "Eloise Lowe", "id": "6220f61b-4a88-9bd6-6336-4af98a7275fd" },
	{ "name": "Marcus Young", "id": "d4f56e41-4205-4732-1391-3556183b5f30" },
	{ "name": "Fariha Whiteley", "id": "8f2f8c26-80ad-bf5b-4cd3-3b00a3f0d51e" },
	{ "name": "Braxton Riley", "id": "03d6b914-f207-6966-22b0-ac47a692c34f" },
	{ "name": "Trystan Mccaffrey", "id": "176b0ff8-4614-67dc-107c-2c9b2ea25f9f" },
	{ "name": "Keeva Solomon", "id": "91981ce2-15f6-6581-3fa6-48fae78dddaa" },
	{ "name": "Woody Barry", "id": "f478a4ac-09bd-4a1c-3297-fdfe9f7e9569" },
	{ "name": "Farah Gale", "id": "bb1dce3d-8119-763c-bccd-a72cc789d2f3" },
	{ "name": "Megan Hull", "id": "7683a868-537d-2901-5e28-cb89fe050843" },
	{ "name": "Lisa Redfern", "id": "bf49e02a-00aa-c824-939f-c23ed7567034" },
	{ "name": "Aiyla Harrison", "id": "95b7485e-d57d-4042-948d-50deddaefe7b" },
	{ "name": "Trinity Rodriguez", "id": "c60ab2f1-b4b3-163e-2e3b-11ef1418af68" },
	{ "name": "Kimberly Hardy", "id": "0eb4bf56-1112-79f0-f6d1-4636254a30d5" },
	{ "name": "Kaya Blackmore", "id": "875eead0-189f-63ac-366a-08539b18dbc9" },
	{ "name": "Ishaan Brandt", "id": "c7b1797b-9309-30dc-f4e7-2be02ee622ce" },
	{ "name": "Sahar Gill", "id": "10d1a212-33bb-eba8-6f94-90bb1b1ac3e2" },
	{ "name": "Sohail Senior", "id": "59320c18-9dd2-2201-9a6e-547e4cf7f1a3" },
	{ "name": "Jasmin Dodson", "id": "d2a6c322-4dda-21f4-9030-32dbe0bb7d7d" },
	{ "name": "Anayah Walmsley", "id": "4fe4d3e3-8dda-e10f-5a8f-54af0650e143" },
	{ "name": "Nikola Shaw", "id": "e3dc1df2-268e-2a78-c370-d0ddb4c09eb3" },
	{ "name": "Roberto Medrano", "id": "463d6eb2-e047-fbd2-998b-1a595d5de28e" },
	{ "name": "Zubair Wardle", "id": "6574b231-795c-8a3c-9426-0d64d14c22f3" },
	{ "name": "Ailish Morrow", "id": "b9dec385-be07-8add-aace-a33f766845cc" },
	{ "name": "Shanay Kavanagh", "id": "3d6824ef-912d-9639-9e31-0282ef8f8bd8" },
	{ "name": "Tymoteusz Oconnor", "id": "ae43afc2-5819-8245-bdf7-aab4e573729a" },
	{ "name": "Chance Patrick", "id": "88176e86-8217-2698-5037-fe4f23965557" },
	{ "name": "Barney Winter", "id": "9bf2461d-faa7-2530-655b-c4ae065a67e2" },
	{ "name": "Eshan Cordova", "id": "25cd9cee-4dc0-18c2-fc06-3ad938566e1c" },
	{
		"name": "Santiago Montgomery",
		"id": "3a2a53a6-e35e-e06c-43c7-febb27b96b41"
	},
	{ "name": "Jiya Fitzpatrick", "id": "abeca06e-7e4c-f92b-4907-5190daddce5b" },
	{ "name": "Zephaniah Jeffery", "id": "e3a2855f-2a5a-c417-2e1b-96b9cd390a79" },
	{ "name": "Daanish Calhoun", "id": "c1a3ed80-ec7f-08b5-ac79-036ce64d4128" },
	{ "name": "Bushra Valdez", "id": "92b9f9a7-1470-3ab0-3b90-a4e6f340b88c" },
	{ "name": "Carla Craig", "id": "d30a7b23-3201-e132-e528-3adb553a8481" },
	{ "name": "Diane Merritt", "id": "b4798001-11c1-4098-e41b-f48145148df0" },
	{ "name": "Tyra Lopez", "id": "92871fe6-0b42-ce57-9e60-f59cdda07a25" },
	{ "name": "Laith Sharples", "id": "c7b1d7b2-2efb-2815-3964-5e5cb3117234" },
	{
		"name": "Mahnoor Villarreal",
		"id": "27bcb0d3-11a9-1425-4477-c5fd80d85404"
	},
	{ "name": "Thea Grainger", "id": "106b9b4c-ad89-cb67-f72c-13835193ff6e" },
	{ "name": "Daria Rice", "id": "e7b41452-2c6f-57ec-4ca2-beb0cee3979b" },
	{ "name": "Freya Alexander", "id": "c86848ff-7bca-2d23-6bda-c6ec32109760" },
	{ "name": "Lochlan Lin", "id": "bce06e1a-e53f-90ba-6a02-3cc671f4d74e" },
	{ "name": "Ignacy David", "id": "cbed6834-fa93-f9b2-2353-c3f853290a10" },
	{ "name": "Mahad Galindo", "id": "cc3802da-91f2-f754-a73e-96eb23e9efb4" },
	{ "name": "Shauna Drew", "id": "d9897959-480e-5c0e-0c89-a1b04bc88fbe" },
	{ "name": "Kaylie Humphreys", "id": "64b0f420-3724-8059-e135-72b2adc8665a" },
	{ "name": "Penelope Bostock", "id": "7ef11139-a1ed-68e0-839d-7e4678748acf" },
	{ "name": "Macauley Lovell", "id": "33b35bb1-3223-fa4d-024c-87c1d58df8a2" },
	{ "name": "Mohammed Ferguson", "id": "66a819be-43cf-b3d9-b706-80a33f574b60" },
	{ "name": "Leah Mcintyre", "id": "7d22ae56-cbb2-7684-3b18-589e7c3fff1e" },
	{ "name": "Corey Aguilar", "id": "9f14f461-7151-6183-1a47-d98f1ed5dba6" },
	{ "name": "Cerys Barlow", "id": "2f8c0121-76c6-4855-773c-08046c862f81" },
	{ "name": "Bo Olson", "id": "5545a655-a2fd-c243-d2d4-83a4871776fc" },
	{ "name": "Emaan Mann", "id": "5f672bed-13f6-ca1f-5d07-e290f152f140" },
	{ "name": "Kajus Hewitt", "id": "e66a9ac9-9c94-3b65-47e6-c7ba78b5e5a5" },
	{ "name": "Frida Lam", "id": "84eb0aef-fcc7-a632-fe27-e8c47483cbd8" },
	{ "name": "Howard Melendez", "id": "9ba35a2b-939a-3494-fd3c-b9fb171060da" },
	{ "name": "Harris Kerr", "id": "ff3e3810-b48f-97e8-d584-db492f5a3099" },
	{ "name": "Garrett Wilks", "id": "53b8f829-3504-241a-2140-5df0b31ff2b3" },
	{ "name": "Sophie Redmond", "id": "3cf5b21e-96d3-071b-aeb6-3432f8a0991f" },
	{ "name": "Jess Prosser", "id": "243c244b-11b4-00e4-483f-9790ba97a735" },
	{ "name": "Devin Conway", "id": "56091a22-6c73-ce82-a4a4-7582b42ea595" },
	{ "name": "Myron Warren", "id": "22a3c016-66d5-e6ad-0187-a700e3c5c843" },
	{ "name": "Livia Byrd", "id": "c8a56fed-5c5a-aa23-c9f2-af59cc1e2a14" },
	{ "name": "Montell Weiss", "id": "0221ee33-970b-4d03-e825-9eaf6e9e126f" },
	{ "name": "Garin Reeve", "id": "38264ae8-9d36-5c23-7a99-bcbc8a3fc309" },
	{ "name": "Mason Novak", "id": "a35c6971-d485-656c-7288-9ba083df6ea2" },
	{ "name": "Darla Carlson", "id": "a31cffa8-0c20-243b-1da5-fd1101b3c3da" },
	{ "name": "Eliana Malone", "id": "71f6c9dc-ecb8-a805-1c6a-1364330d8eb9" },
	{ "name": "Avery Stark", "id": "e2c13419-bc2c-86d0-3aa2-92565c7a26e8" },
	{ "name": "Dominick Arnold", "id": "fd5ef96e-11f2-c54e-007d-913c62ec74bb" },
	{ "name": "Paolo Knight", "id": "cd9b83ed-db5c-e92a-5294-885bd39c936c" },
	{ "name": "Darci Burke", "id": "9eb75984-0d33-fea4-2818-e897039dc9e0" },
	{ "name": "Nasir O'Gallagher", "id": "48b4b31c-8543-9e1d-3df7-9865f5c116ed" },
	{ "name": "Imani Cobb", "id": "edb8abb8-2675-20bb-89b9-9dabb4df19ca" },
	{ "name": "Rayan Holding", "id": "b21795ed-d4b7-24f4-7fc4-bec02654817f" },
	{ "name": "Vikki Moran", "id": "3f919c0b-bfd0-b18c-0089-1af2a63498b7" },
	{ "name": "Nieve Cherry", "id": "7b0226ec-5356-6979-eee9-85f26058b45f" },
	{ "name": "Laaibah Lloyd", "id": "ff0c595b-1947-8e66-e4af-666dfcff5c1e" },
	{ "name": "Drake Hinton", "id": "91a37e00-af4c-92d5-6ed3-bac3dd776e09" },
	{ "name": "Madelyn Logan", "id": "b4f1b700-04ae-3099-c4be-ad4ef9e0c724" },
	{ "name": "Hasnain Watts", "id": "e32c7b60-8930-f171-aa96-2f52fd57be80" },
	{ "name": "Amalia Thompson", "id": "e1a37965-cdeb-b94a-158d-bdf5bf29c9d3" },
	{ "name": "Caitlyn Traynor", "id": "0aa0e5e6-70c4-2740-4ee4-829c9a5cdbae" },
	{ "name": "Wyatt Dennis", "id": "18708ebd-1f44-b1b2-783c-4029fcd339d3" },
	{ "name": "Rhiannon Woodard", "id": "da09570c-74c2-d375-ed3d-916a54de3ddd" },
	{ "name": "Brad Knights", "id": "d0f04d3d-7ec3-9e2d-654d-796ce0e85d2b" },
	{ "name": "Linzi Reyna", "id": "b60ac7ef-437d-b468-3341-7bc47981db97" },
	{ "name": "Mira Carey", "id": "820588fd-d48b-36dd-8c22-576c707f1ba4" },
	{ "name": "Emil Salter", "id": "0c3b3e76-5157-af7b-02f4-e5e1208dab13" },
	{ "name": "Janice Dalby", "id": "e4d96607-5b14-5e95-767a-0d37c29df30a" },
	{
		"name": "Stephanie Caldwell",
		"id": "746a92c1-493a-b598-15d9-a3710a76a28e"
	},
	{
		"name": "Montgomery Cordova",
		"id": "81cddda8-7bfb-1971-0607-026759624fde"
	},
	{ "name": "Jane Braun", "id": "7bbb54d9-9030-a629-8b6d-db07a8961510" },
	{ "name": "Jago Talley", "id": "17e48edb-c5c0-df99-cc65-4c4f2f9156ea" },
	{ "name": "Gurleen Mackie", "id": "647b0c5a-e921-906c-5394-7a8dc3101f08" },
	{ "name": "Elowen Cole", "id": "0bbb4361-26e0-73c6-7384-92f36f361310" },
	{ "name": "Imaan Maddox", "id": "814049b7-c9d4-403a-5d7a-cd22658c9984" },
	{ "name": "Anabel Rooney", "id": "9e6de59e-5fb7-2696-f9a4-0d9ed2bc89c9" },
	{ "name": "Mateusz Dalton", "id": "6419fa8c-32da-20b9-04fa-3a0435fd6ce4" },
	{ "name": "Sheila Ahmed", "id": "f08dd3d1-3f82-c5b4-c816-0ee29275f583" },
	{ "name": "Aneesah Wagstaff", "id": "eafed139-9af3-b1f9-64cf-423955e4ec66" },
	{ "name": "Codie Bassett", "id": "26a8977c-498e-3ab6-eeee-90ce9f3f8e73" },
	{ "name": "Caius Alexander", "id": "3bb94d1b-9710-22f5-ded6-b23277593272" },
	{ "name": "Maaria Moody", "id": "95cf6564-22ce-a3cb-0363-3bf7724f6460" },
	{ "name": "Leona Byrd", "id": "096fe310-18fc-5f40-35e6-efa17004ed61" },
	{ "name": "Rosemarie Miranda", "id": "b1d4b936-8ddf-f4bf-909e-dfcf6a335bd4" },
	{ "name": "Ethel Irving", "id": "0f04aac4-2fcf-f2a7-94b6-80ad29f6edd9" },
	{ "name": "Areeb Petersen", "id": "20c34cda-c1ab-79b0-c579-f121c686cd35" },
	{ "name": "Ray Heath", "id": "1a3ee91e-bc03-8feb-d0f1-95c5ada74637" },
	{ "name": "Frederic Rivas", "id": "fbf0e85f-dbf4-9528-9850-de83b2616418" },
	{ "name": "Giorgia Pena", "id": "e2560fdd-00de-58e9-f7fe-33ac33163892" },
	{ "name": "Willem Church", "id": "16dcd88d-7ed7-56c7-d23b-bfcae2355d08" },
	{ "name": "India Redfern", "id": "5cecf792-d992-fad6-4242-86c739a2eea5" },
	{ "name": "Jada Burris", "id": "24fd677a-ec16-7737-cb33-38607a0bfd30" },
	{ "name": "Juno Rayner", "id": "c55addca-8eaa-959a-aa6d-3f8c9d88a865" },
	{ "name": "Huw Duran", "id": "1a3fa559-fabb-3603-14d2-47850e6b5344" },
	{ "name": "Rhianna Walsh", "id": "df531017-3e5f-5a03-e17d-d589cf3ddfa0" },
	{ "name": "Ewan Plummer", "id": "84d38872-7dfc-8dfb-0532-fc094cdf5e93" },
	{ "name": "Iosif Bryan", "id": "afbaa605-0e37-211e-852d-840e9a0081df" },
	{ "name": "Gary Patterson", "id": "7579eae6-610c-044d-2d75-7be641db3b01" },
	{ "name": "Dotty Thompson", "id": "78544fe2-123a-e7e0-22bf-72919969ef0b" },
	{ "name": "Emmy Blevins", "id": "f93819ea-2fb0-08dd-bf3a-e776969a279d" },
	{ "name": "Zayyan Drummond", "id": "fbdbb4b3-3833-3bd6-f7cb-eb4f0651ed24" },
	{ "name": "Iain Hopper", "id": "9e0e6e6b-f025-a3f9-1d18-ec58f235d4f5" },
	{ "name": "Ace Townsend", "id": "eb35ddb6-0804-5832-cc4c-9a7f11787582" },
	{ "name": "Mariana Buck", "id": "7ca41770-ca76-64e0-f7ca-8e5d6f0c4833" },
	{ "name": "Annika Warner", "id": "12eb1e79-debd-dd82-d4b3-eb3fcf4c59dc" },
	{ "name": "Bernard Wallis", "id": "5a6bfda4-cb7f-1b38-7ab8-69030a47502a" },
	{ "name": "Harris Bates", "id": "1547c1f2-3f72-f4a3-bf59-3317010ef06e" },
	{ "name": "Jadene Gallagher", "id": "ee07e9e5-73ee-aaf7-b8f3-74951b70f92b" },
	{ "name": "Jad Compton", "id": "91f29270-e8e4-0646-ccd0-d7942ac8ae98" },
	{ "name": "Angus Lucero", "id": "2035bcda-72f5-43a7-8fd1-e83b32ef47af" },
	{ "name": "Zahrah Atkins", "id": "6d217357-21b0-2411-d1ae-6d46f46de34a" },
	{ "name": "Akash Dawe", "id": "87a5246b-d386-0e7f-1368-eccb5222be1d" },
	{ "name": "Malaikah Chester", "id": "88acf324-01ba-7eb7-889e-6700da37c3c1" },
	{ "name": "Tyrone Mcgowan", "id": "66046e87-c435-310f-45bf-271a1d052752" },
	{ "name": "Eryn Williamson", "id": "fcbaf945-062c-2bc9-c783-0880bab50383" },
	{ "name": "Zahid Lyon", "id": "b5ded3c3-9fec-5c1f-4068-75acc27c11c1" },
	{ "name": "Charley Galindo", "id": "e8d3cba7-d805-6624-6351-f63ebc27b4ef" },
	{ "name": "Jeremy Piper", "id": "3c378e14-0636-8ae8-5116-70b73ce30817" },
	{ "name": "Sunil Herring", "id": "39ef3d6f-7ca1-c95c-1202-2ccce90fa46e" },
	{ "name": "Ines Read", "id": "ae9c8289-322c-f591-0bfa-f86ea8234526" },
	{ "name": "Alan Burton", "id": "8bfc8b14-a9e2-134d-10a2-61e0789ceb6b" },
	{ "name": "Angelo Martins", "id": "7f2ae8dc-1beb-f31d-77b7-8de50b39f80f" },
	{ "name": "Samuel Bowen", "id": "f0d3b1d5-f114-9d96-5966-8c18d9164d09" },
	{ "name": "Honey Dean", "id": "fb0e6cd4-f15c-16d0-96e5-933980bd8e30" },
	{ "name": "Hibah Hebert", "id": "524d96dd-a345-2bbd-95d6-9645bb9e711e" },
	{ "name": "Muhamed Phan", "id": "48a26d94-1929-6dbd-e6ec-8623a06ee8c3" },
	{ "name": "Lyla Langley", "id": "66c79afb-e393-9504-7290-6cffdf3d01e9" },
	{ "name": "Dan Handley", "id": "374ee368-0bb3-6f7a-37b7-cfe87c164525" },
	{ "name": "Fraya Bateman", "id": "30cb9bd5-73d0-94fd-2f06-eeb597fa59ad" },
	{ "name": "Alfie-Jay Tyler", "id": "44ddc0eb-daf6-4157-157d-91a6ae4fc6f7" },
	{ "name": "Caroline Shaffer", "id": "5bbf3423-16b4-9f6d-e4ba-bd9d13123299" },
	{ "name": "Kobi Sparks", "id": "2b857014-21d1-f773-b040-d3c08daea78d" },
	{ "name": "Javan Carroll", "id": "90638b05-276b-2c39-f327-ad95952b674b" },
	{ "name": "Naima Keenan", "id": "5b0f69fd-74c3-f967-22ca-8b31a74d0ddf" },
	{ "name": "Whitney Branch", "id": "8a5213a9-bf4a-71d4-8bbf-14380948e315" },
	{ "name": "Zaynab Mitchell", "id": "9cb90e93-03fa-86b0-9523-1ce2b210ff98" },
	{ "name": "Kadie Lugo", "id": "75992fbc-fb09-8e33-3107-88da2d28ee71" },
	{ "name": "Amos Simpson", "id": "f667bf8c-ab10-e62c-a6ba-ea072bdfc86a" },
	{ "name": "Kyron Spence", "id": "df28623d-ce92-70c6-bb2c-1b435f26e91c" },
	{ "name": "Luther Castaneda", "id": "a947e889-aa23-594a-1092-f46717ea69cb" },
	{ "name": "Macy Britt", "id": "3378bd4d-99f7-a302-3382-c14a0fe934e6" },
	{ "name": "Adelina Walls", "id": "da9169de-1c05-5cbd-6599-392d7ebc6aef" },
	{ "name": "Dario Fields", "id": "1b252676-3d5b-3ea5-9f52-901ab1b67945" },
	{ "name": "Magdalena Cross", "id": "f72c0a46-e538-fa6d-de2a-f4b58aada183" },
	{ "name": "Leroy Neale", "id": "03493971-5ba2-a627-3b21-b79a65bde4f7" },
	{ "name": "Prisha Rossi", "id": "2dd0640e-4756-61f9-da8f-cbdae696adcf" },
	{ "name": "Darcie Odom", "id": "fb9c4f63-f9c4-7bf9-f47c-a3f27d3de9c0" },
	{ "name": "Balraj Greaves", "id": "7f5e5a4a-d31f-7948-ab99-4e05c0d47b29" },
	{ "name": "Jaxon Peacock", "id": "ea5f33f8-ca3f-f94f-49cd-b6a925c53d71" },
	{ "name": "Atlas Emerson", "id": "de6ac671-6f12-81d4-f6f6-865c4c478239" },
	{ "name": "Emile Arnold", "id": "d88d28d0-4c16-92c0-22e9-74f59959f60a" },
	{ "name": "Lorraine Avila", "id": "b455e5cb-812d-f0d8-46ad-6a6774a00ecf" },
	{ "name": "Corrina Haney", "id": "db35ca0b-98aa-e220-4b59-688cec34fadd" },
	{ "name": "Raiden Elliott", "id": "4c947dbd-d743-aed6-4fad-821e784d27a7" },
	{ "name": "Mirza Barajas", "id": "a7487e4d-7e26-8ba5-af19-8720f33ff651" },
	{ "name": "Huda Walters", "id": "5918136f-a779-1c4c-188d-28b26ccce313" },
	{ "name": "Ananya Rojas", "id": "032faf66-88fc-ed1d-8ded-cfdffc0427cf" },
	{ "name": "Lewie Easton", "id": "0e7947d6-47ae-ebf3-b57b-12fd428e53e4" },
	{ "name": "Pippa Gamble", "id": "3b90797d-bf0b-cf23-1e78-e87fb16a953c" },
	{ "name": "Mylee Yu", "id": "623b67c0-a1ee-b77e-c4f0-955bb1c53c71" },
	{ "name": "Caprice Rodgers", "id": "bf1214c4-9ce3-d453-015d-9703f51bf047" },
	{ "name": "Hussein Butler", "id": "4078f360-8793-670f-4fb7-2c70a8050286" },
	{ "name": "Fahad Mcbride", "id": "27512749-7513-3858-6c76-3f8497bad565" },
	{ "name": "Sonnie Copeland", "id": "f2ae552c-f509-bf86-cc93-0a0ef508d9f5" },
	{ "name": "Jannah Croft", "id": "baa86f7c-5a83-17a1-0b84-8bac1574c50e" },
	{ "name": "Genevieve Jacobs", "id": "6955be00-5ab4-9f17-bbdb-dfcdc69fa42a" },
	{ "name": "Shania Millington", "id": "23c8b34b-3511-eb33-eee0-5ed214cf2a8c" },
	{ "name": "Arwel Cross", "id": "4453c86a-0a2f-27b6-9f8a-8f52d59823f6" },
	{ "name": "Zephaniah Fuentes", "id": "9470dbfa-9890-70ef-4467-005a0ff691f8" },
	{ "name": "Clodagh Farmer", "id": "d007b5b8-fc6f-fe75-c17e-8deaf791d10e" },
	{ "name": "Safiyah Hope", "id": "8fbb4487-1871-2288-a411-fea765a882ec" },
	{ "name": "Gruffydd Wormald", "id": "bb959aea-6371-2c6f-b57a-717e5125e1c6" },
	{ "name": "Caolan Braun", "id": "8c37c1cc-fe62-efd7-c2f9-191ea3de6e32" },
	{ "name": "Simran Casey", "id": "76e9b07d-44ab-e6c7-eeda-d670e0b1c9a4" },
	{ "name": "Sydney Nicholls", "id": "edb664e8-5dcb-7418-a45b-cbde99affdad" },
	{ "name": "Aqsa Norman", "id": "160ba007-3c52-e2b1-8a6a-77c0f582eaeb" },
	{ "name": "Arslan Manning", "id": "c7a381bf-7975-f071-c7b3-8ec523d9ee2c" },
	{ "name": "Tai Montes", "id": "667acbbe-15f1-2729-f176-f3482d2912f4" },
	{ "name": "Kaine Magana", "id": "78a2e4a8-bdcc-38f8-029d-f625a6edc4a4" },
	{ "name": "Rianna Bowers", "id": "e4f70341-4e01-62a1-1a32-bb1c01cf214b" },
	{ "name": "Anisha Rosa", "id": "6fe42285-3eab-6e2b-1e55-af1c40dbdada" },
	{ "name": "Julien Stone", "id": "c088b5f4-74db-a92d-4608-0c18381858ef" },
	{
		"name": "Herbert Pennington",
		"id": "54301543-7e81-01c8-49a4-fc798ce18fd4"
	},
	{ "name": "Georgiana Hinton", "id": "86270b35-a45d-7001-9688-9e7a3ff81e8a" },
	{ "name": "Taliyah Huffman", "id": "64c3e968-e235-48dc-f267-4643bcc83c07" },
	{ "name": "Belinda Schneider", "id": "0b7f3665-8c55-9778-aaba-251cc2a42547" },
	{ "name": "Kajol Mcgee", "id": "2f39c766-c70a-3e62-40c1-34f0be9e4dd0" },
	{ "name": "Angus Easton", "id": "638a7a9f-8f74-245c-ae0c-b07995083112" },
	{ "name": "Olaf Byrne", "id": "785fbefe-aaa5-6e33-5556-b92215398cc3" },
	{ "name": "Gwion Mejia", "id": "f5aceefd-43a1-a2bf-2f3e-7a66d75fb130" },
	{ "name": "Betty Kavanagh", "id": "bec522d4-eeb7-9984-a80e-2ea6335933e5" },
	{ "name": "Cormac Hebert", "id": "9feb0425-92ec-f12c-9bcd-43cd32a7ada4" },
	{ "name": "Anaya Zuniga", "id": "7166ad6e-5514-5e1c-d10c-b67eadd62996" },
	{ "name": "Codie Talbot", "id": "f51d6242-4026-c61c-9cda-ae62e77d534c" },
	{ "name": "Hallam James", "id": "9f7f2fe4-eb18-4e16-01f1-5563620c63b8" },
	{ "name": "Martine Nieves", "id": "6a974189-9015-c988-f583-df12b9883045" },
	{ "name": "Cody Gill", "id": "9153f4fb-0a37-3e08-b3e9-2762706301c0" },
	{ "name": "Bayley Mcgowan", "id": "41cbafd0-7649-4097-d54e-5def8f4b1376" },
	{ "name": "Kieran Traynor", "id": "77fbea3e-196e-3ee6-1380-1eb060dd5734" },
	{ "name": "Kade Mcguire", "id": "0f5f4d56-67ba-402c-5f60-908d219ce323" },
	{ "name": "Kiera Laing", "id": "1d3b290d-4a0e-cb70-1680-3fc2d831b338" },
	{ "name": "Percy Wickens", "id": "4fa3c98e-2403-b408-8101-87f69e62acb0" },
	{ "name": "Zachary Lancaster", "id": "175886c9-441c-3360-342d-be78f8535571" },
	{ "name": "August Goldsmith", "id": "51ecf4e8-2054-9706-96ec-674331a0a19c" },
	{ "name": "Chelsea Banks", "id": "e6ebff06-0694-d33c-8b3f-e75400976e3e" },
	{ "name": "Kwabena O'Ryan", "id": "74b62db5-b26c-84ee-0a4a-19fe0f8b5742" },
	{ "name": "Nieve Schmidt", "id": "9ecce5e4-243e-88ea-3946-1d873abd1265" },
	{ "name": "Eshaan Broughton", "id": "1d5934dd-4afb-e0b4-20cc-02b768c7765f" },
	{ "name": "Keely Shea", "id": "430048fc-7fc7-df17-dcaa-a9c8599c1106" },
	{ "name": "Kinga Rosario", "id": "bcdb9b9f-2422-bb37-ce60-6032fbbe15f5" },
	{ "name": "Varun Carrillo", "id": "9deb5535-8012-32a4-528b-3cf43fa62986" },
	{ "name": "Hamaad Lawrence", "id": "6a8f3023-b85d-1248-1b47-6b21f91d08d0" },
	{ "name": "Hamid Hill", "id": "dc91640f-bf59-8358-e661-b2bdbc5c5cbf" },
	{ "name": "Loki Hernandez", "id": "cf167901-a530-d341-ca93-e429cfe8dcf0" },
	{ "name": "Lilah Daniels", "id": "c73537dc-c296-d006-d286-924bf3ff2eeb" },
	{ "name": "Jasmin Dennis", "id": "1626289d-d77d-3bbf-d775-62ac8c442988" },
	{ "name": "Zuzanna Charlton", "id": "25e1db2f-78c4-604f-a2bf-456df8028bcb" },
	{ "name": "Talhah Ferguson", "id": "7dc07a9a-6a1c-560a-2e88-84dcb35436fe" },
	{ "name": "Isabel Todd", "id": "b77f1ba8-cf05-4138-2204-94b672e259f5" },
	{ "name": "Aaliyah Kouma", "id": "5a21b834-6c07-a574-873c-7098d39f81aa" },
	{ "name": "Jawad Hagan", "id": "0cb63051-18c4-133b-8aeb-cdbe941c3091" },
	{
		"name": "Priscilla Campbell",
		"id": "0559688f-bc0f-e947-e023-4ac53c80f103"
	},
	{ "name": "Reo Swanson", "id": "b2457a67-bb8d-ed7b-3071-eaa823522d70" },
	{ "name": "Gurpreet Costa", "id": "dc9826f2-cbe4-cc6a-a836-d9b24647c923" },
	{ "name": "Marley Ferrell", "id": "5d8137f7-d0ba-21da-b845-623b5fb2a28a" },
	{ "name": "Ewan Guthrie", "id": "07110360-7efb-a5e7-3474-bb6b7e547f34" },
	{ "name": "Yanis Meyer", "id": "0843101f-c7a3-1df1-ae4d-0dad0fbfee03" },
	{ "name": "Victoria English", "id": "41fec04c-45cc-8f2d-e861-e3299835982b" },
	{ "name": "Meerab Hook", "id": "8fa6d704-0f77-851f-ff93-b8f1c5e4dacd" },
	{ "name": "Zidan Markham", "id": "072094cb-1c7a-94d2-9342-6ffe9b2213bc" },
	{ "name": "Rhia Whelan", "id": "c98b6df9-20f8-4eaa-fdb1-714ca4ccb956" },
	{ "name": "Jonas Martinez", "id": "c2991c61-a0fc-6d16-871c-a7d2e9ec1e26" },
	{ "name": "Hannah Brewer", "id": "a878c2bb-d413-96e7-b2d1-689f9c7b7a24" },
	{ "name": "Harri Byrd", "id": "7db8e70c-5ca9-6214-46f3-5b8c82a7d300" },
	{ "name": "Aedan Hopkins", "id": "36c7dc66-8e8b-686e-fc5d-2c2832ea0a74" },
	{ "name": "Cheryl Mansell", "id": "75e7cb7e-5377-9714-c2f2-1087c914efb6" },
	{ "name": "Caspar Wharton", "id": "a7920a8e-872f-b0b3-436a-775a5f391aa5" },
	{ "name": "Fabian Andrews", "id": "214728a9-a8b5-607c-1c3c-a427925bf36f" },
	{ "name": "Mike Mcgregor", "id": "010411a0-5ac3-06a2-9288-a4a0b90a40a8" },
	{ "name": "Emmanuel Monroe", "id": "9ca16cd1-de5b-42fb-c3fe-e636822446a2" },
	{ "name": "Olivia Cote", "id": "816a4893-7bee-bedb-fc63-cbd1a552d560" },
	{
		"name": "Mackenzie Jefferson",
		"id": "f309f0da-ed69-ac84-9dc4-35e74e00635a"
	},
	{ "name": "Jia Findlay", "id": "6d910d25-c691-a61a-c866-ceeed464d66f" },
	{ "name": "Shanon Lugo", "id": "958697d7-a551-8dec-6437-10bfd705bcd3" },
	{ "name": "Gregor Garrison", "id": "6cd1c1d0-86bd-0823-fcea-50e5cf432a2b" },
	{ "name": "India Jackson", "id": "6a232f5f-5e5b-f02d-1021-44a2a60c7d6d" },
	{ "name": "Kier Richard", "id": "6979ecd7-4776-e85a-1400-e660594db1da" },
	{ "name": "Waseem Wall", "id": "622f4b77-1638-aeed-8629-7610b793a65c" },
	{ "name": "Tariq Sweeney", "id": "e7f13bdf-96cd-82ca-e6a6-4560de91b82b" },
	{ "name": "Tracy Coles", "id": "8fe43e18-3313-4781-c91a-7ae8ff924a9e" },
	{ "name": "Saif Cantrell", "id": "195f9bd7-9b89-bfdc-fc94-3bc6181004f0" },
	{ "name": "Mina Spencer", "id": "b1da8a39-689c-4494-da90-ddae2241bb56" },
	{ "name": "Alba Hassan", "id": "2258c7f0-9125-670b-fe44-a13a8b98da41" },
	{ "name": "Sophie Greer", "id": "2aba5556-3034-de77-d8b0-a61c156a05fa" },
	{ "name": "Carrie Hicks", "id": "02eea19a-7907-1756-e0b6-d41c82c95143" },
	{ "name": "Charles Franco", "id": "a845f8fc-41f0-d61b-b8f3-24ca7ac44e96" },
	{ "name": "Johnny Rollins", "id": "475955dc-f842-a388-980e-85961008a413" },
	{ "name": "Maryam Thornton", "id": "6301165f-f4e8-fa13-3288-2469366605e7" },
	{ "name": "Haider Pemberton", "id": "f697958f-a0d6-9000-3724-d23a944beb51" },
	{ "name": "Eryk Hayden", "id": "3ad9d9b6-0523-8911-69f4-2e532c61bb09" },
	{ "name": "Emile Lang", "id": "531206b3-638d-40c8-e339-df579075b6f1" },
	{ "name": "Isla-Grace Mathis", "id": "b952f4b7-c13e-e91d-ed68-be96ed06d427" },
	{ "name": "Divine Singleton", "id": "3d226dc5-b6e9-c4f8-2dbd-0f261e087688" },
	{ "name": "Aryaan Eastwood", "id": "72fa19a9-5c61-5e7b-9878-f1b513208c97" },
	{ "name": "Shoaib Needham", "id": "8b0a562c-8788-d566-ffb8-896dfd791e00" },
	{ "name": "Carys Churchill", "id": "e1bcbb10-a7b1-d6c6-a93a-b037ad2e4441" },
	{ "name": "Mari Garrett", "id": "5ce7c813-567a-9cd6-b0cb-c860b57de551" },
	{ "name": "Huxley Huang", "id": "a237a097-5a45-31bd-89a8-439a871a811a" },
	{ "name": "Sion Becker", "id": "c418194e-82d5-e9e0-af28-5bf3e91b3d30" },
	{ "name": "Safiyah Coates", "id": "3e9b3604-14d1-887e-7006-c39d6126479d" },
	{ "name": "Riley Mercado", "id": "d6f53d9f-6d8f-d774-e0b1-0219c5ea8dbc" },
	{ "name": "Darcey Watts", "id": "3c18434d-c553-7a29-a0be-cfad4d6f4e12" },
	{ "name": "Selin Horne", "id": "18b57382-3a00-16ff-e41a-78b7f95ce205" },
	{ "name": "Daisie Browne", "id": "1e5b2dc9-f26c-031b-1f27-cd6995268c2e" },
	{ "name": "Eamon Weston", "id": "377bb1eb-4937-cd3f-07eb-08896cd8e957" },
	{ "name": "Adeel Bernal", "id": "1689e0eb-0c18-4720-14ff-d9aefad74a2e" },
	{ "name": "Viaan Ventura", "id": "fd8dabf7-b2e8-e28d-5078-536d4137c36c" },
	{ "name": "Nabeela Lyon", "id": "6473e3a7-181b-e4d1-a86b-9a921b4521d9" },
	{ "name": "Fiza East", "id": "8f4a7e61-4253-7ddc-2c21-f0e31ea02bf7" },
	{ "name": "Kaja O'Brien", "id": "64cf42ef-4fbd-bd7d-2a98-c09c7dfd6c9f" },
	{ "name": "Jacque Molloy", "id": "9efcfe42-41b5-90cf-9a44-8eea4d160d6c" },
	{ "name": "Jannah Pena", "id": "79a0bde9-bfa7-f143-c944-79853dcaad44" },
	{ "name": "Wendy Kidd", "id": "fe3fb76d-35d6-59c0-7b3f-9a6246866eaa" },
	{ "name": "Tyreke Stevenson", "id": "470ad6d4-ca0b-b2cb-331f-c268856cc1ff" },
	{ "name": "Wren Mcintyre", "id": "964094a2-925a-06c0-7b8e-49a5534557c2" },
	{ "name": "Tianna Hussain", "id": "a2c856aa-2b4a-ad3b-8d8f-5a8c65b9831c" },
	{ "name": "Harleen Ali", "id": "b4ed60ab-7f54-190c-7d0f-00bd41b6f73d" },
	{ "name": "Aras Barry", "id": "b4c5905c-2008-b708-88b5-5392481be8c2" },
	{ "name": "Marjorie Colley", "id": "3ade9d0c-2139-5f0a-af7c-a9c4b6dadda0" },
	{ "name": "Faris Curry", "id": "21497da2-dcfa-af63-bbe4-922e7e141d6a" },
	{ "name": "Brittany Larsen", "id": "530869fb-e470-ab00-b7cf-da98278ce40b" },
	{ "name": "Hannah Forrest", "id": "e4f2ac24-8662-238c-b28e-c1be8eed3969" },
	{ "name": "Raheel Clarkson", "id": "466ea332-c452-b0f8-2d82-cbd5d916a57a" },
	{ "name": "Blythe Mcguire", "id": "9f88879e-76ec-c40b-ca2a-483b41fd1b91" },
	{ "name": "Betty Mahoney", "id": "9560ea23-b97c-d9da-88c6-f771539bfa7f" },
	{ "name": "Farzana Montes", "id": "52e5428c-c204-e0f9-985f-3dcdc3b729b2" },
	{ "name": "Dolores Lambert", "id": "eec9b94c-0734-8542-3e90-ada0355c7e13" },
	{ "name": "Pola Mora", "id": "798794d1-357a-c045-07b2-b5de99089d5c" },
	{ "name": "Lindsay Morton", "id": "1408efde-f2b1-49c1-aa24-94e86f273cd2" },
	{ "name": "Leanna Puckett", "id": "a63f8080-78f2-ab22-c544-6cebf9f5833e" },
	{ "name": "Filip Peters", "id": "d96a77fb-89db-ab0a-c3eb-3dcc2548dc35" },
	{ "name": "Wanda Perkins", "id": "7675417c-d9da-fbea-b57c-ade66f9f08c4" },
	{
		"name": "Kristopher Enriquez",
		"id": "70b32d71-52ec-89bf-f7d6-9d384ba14c12"
	},
	{ "name": "Nicola Bush", "id": "b76342f7-7b21-ee1b-9c93-36795553998b" },
	{ "name": "Vanesa Lam", "id": "7e8c995b-3abd-164a-e311-771fdd271051" },
	{ "name": "Shakira Day", "id": "afba62c6-33ee-a61e-3d65-6f0e448fb4da" },
	{ "name": "Yash Schofield", "id": "5138e81e-2d53-0fb5-e54f-22ae5329bb08" },
	{ "name": "Lorna Lucero", "id": "f4f6addb-6a97-b5a1-f1b8-8bb27cce2b56" },
	{ "name": "Thelma Novak", "id": "f0edb8e4-f16d-ea8e-b691-807c91477aa7" },
	{ "name": "Nikita Meyer", "id": "fab89879-2841-6615-430d-5e0b21a08f6d" },
	{ "name": "Jillian Smyth", "id": "11e009d7-0020-1894-73ad-e47563ea7b61" },
	{ "name": "Carl Shea", "id": "232b7f52-50d7-4a64-c2a3-28606b9c384d" },
	{ "name": "Ayah Timms", "id": "951f5f36-a1a6-9d2e-1858-363c1cba9985" },
	{ "name": "Caris Stuart", "id": "4a34b616-312a-3a73-8e72-c0ca6489f1d6" },
	{ "name": "Jorge Mcclain", "id": "e0647c86-410d-3479-5a33-720f012b8b7d" },
	{ "name": "Kenny Franks", "id": "d073f10f-7d66-a10e-79f7-6caaf8e2ad94" },
	{ "name": "Nana Chester", "id": "6ca580b0-a707-9a5a-5467-4f88fa65cb2b" },
	{ "name": "Ava-May Reid", "id": "403a06d8-421f-d18f-0d9e-377ef55eb1ba" },
	{ "name": "Arwen Boyd", "id": "1bdd107e-2415-64f2-2cb8-0264f7443932" },
	{ "name": "Ivy Saunders", "id": "bf4f450c-e999-3876-82bb-a4da5c836c03" },
	{ "name": "Jakob Frey", "id": "3a9727ed-f060-acdd-c1a4-360c1c13b7e4" },
	{ "name": "Lyla-Rose Lindsay", "id": "199156b1-828d-66f6-7056-332d3177fbfe" },
	{ "name": "Israel Hubbard", "id": "4c604791-3d88-28f2-64db-32387be3a616" },
	{ "name": "Reegan Francis", "id": "014a7998-ec60-eb67-4794-e6bd9958f56c" },
	{ "name": "Taran Grant", "id": "363c6b61-f4df-a145-5805-320c4ab3ae46" },
	{ "name": "Kelsey Mays", "id": "218181b4-3211-803c-5b4a-73544ef0910c" },
	{ "name": "Iylah Bouvet", "id": "7988afb1-1bbb-694a-408f-6f1946d583f5" },
	{ "name": "Shereen Paine", "id": "4c99e682-0f05-801c-1ded-666e2de7af11" },
	{ "name": "Bert Molina", "id": "123d56d3-901b-8f5f-83c8-83610e580193" },
	{ "name": "Roscoe Russo", "id": "8e45fb0a-b3dc-8abd-50f9-aa863c4ca4b7" },
	{ "name": "Keir Atherton", "id": "2f62c486-d226-9744-5e49-aa33e9fd2307" },
	{ "name": "Paula Rubio", "id": "b0cfd648-498f-a8b4-04d0-941d8ecdcb63" },
	{ "name": "Ottilie Mcleod", "id": "3ebb56a7-59d7-1350-259e-83abff230ac2" },
	{ "name": "Arjan Montoya", "id": "a6ca7480-3fa9-ef71-16e8-ab5734396c84" },
	{ "name": "Rylee Jenkins", "id": "2c2a6c41-0c15-d1db-cc16-1c81d446242f" },
	{ "name": "Devante Juarez", "id": "5e1922af-e2f8-12a7-a2cc-12606f3bc6d4" },
	{ "name": "Huey Thompson", "id": "8779dcf5-2121-b866-11d5-e4f27c232093" },
	{ "name": "Reyansh Todd", "id": "9ad3df97-5b0d-841e-980c-3fece4b58f63" },
	{ "name": "Zaydan O'Sullivan", "id": "f192b9e5-c7ca-6d04-9ca0-8dad53774c2b" },
	{ "name": "Breanna Combs", "id": "cd3163ba-f38b-64d8-0a45-186f39a96271" },
	{ "name": "Simone Proctor", "id": "1f42a30f-d3a6-9f5e-bcab-269d931be6fb" },
	{ "name": "Zach Riddle", "id": "7c6e1398-b7b1-148b-b929-bd2a33c2bb11" },
	{ "name": "Hayley Hayden", "id": "0318557e-e2ae-bd89-f24a-25faa81a0fcd" },
	{ "name": "Andy Ashley", "id": "9d0f3b5b-d3e9-34ea-d4a5-a12756291bb8" },
	{ "name": "Eiliyah Werner", "id": "30a4a86c-a83b-51fd-d9b4-816cc4709843" },
	{ "name": "Aedan Short", "id": "37536e0e-c553-8dc2-2794-36fba5098ea5" },
	{ "name": "Eleasha Brennan", "id": "206da85e-ef95-5afd-8595-4ba4fe322cf6" },
	{ "name": "Daniela Norris", "id": "deb22ba7-2f70-88d5-ea7c-538b47e4e9d0" },
	{ "name": "Renzo Daniels", "id": "7fc9fe78-7e6f-defa-d66c-7a1742b1a251" },
	{ "name": "Fatma Phelps", "id": "63882d78-4b62-8a1e-1bdd-10b6201bea33" },
	{ "name": "Kobi Broughton", "id": "ee54d195-e141-f2f1-9e38-793d6ef2a082" },
	{ "name": "Faith Dunne", "id": "0755e780-244b-8758-e111-1499f228b7d6" },
	{ "name": "Esme Wharton", "id": "3e421a09-7560-fadf-e8a3-7a422fe45715" },
	{ "name": "Aimee Cherry", "id": "c9b848f7-19ab-4086-6867-157ff50d6b75" },
	{
		"name": "Jamie-Leigh Fischer",
		"id": "50eb8a48-7246-3b34-1aaa-099e04eb929d"
	},
	{ "name": "Jonty Bevan", "id": "020ccc4e-e7e1-4240-380e-45cf13808e92" },
	{ "name": "Alysha Sheppard", "id": "44b65b32-23be-2f72-5ea0-e91380687112" },
	{ "name": "Chad Lloyd", "id": "988ac2ff-66b4-dd34-c5d6-696c879f827c" },
	{ "name": "Kiya Casey", "id": "3071ff4e-f4b7-17f9-3519-b9878ba0be22" },
	{ "name": "Miranda Trujillo", "id": "95c638aa-4488-601d-f9a4-634d2234e0da" },
	{ "name": "Milly Frost", "id": "81dd0c27-9332-98c7-258d-7cedac617f88" },
	{ "name": "Dimitri Krause", "id": "c9396b2d-3b34-0ea4-edb2-c437558bebc9" },
	{ "name": "Siya House", "id": "26e70b2c-e8e6-9c6b-17c2-d09171fa5f64" },
	{ "name": "Fionn Mclean", "id": "83a51d28-b3d3-9edc-a5c5-7e33c6075f1d" },
	{ "name": "Esme-Rose Rosario", "id": "e8926138-77e8-98fe-2c92-565af4c468cc" },
	{ "name": "Menachem Buck", "id": "739e6099-e7df-e87e-c270-c8be798071be" },
	{ "name": "Coco Cunningham", "id": "96243c06-ea8b-ca94-5186-f860338b9b85" },
	{ "name": "Cheryl Zuniga", "id": "977e1bbb-6a92-546d-1f5e-73f162dfbc3b" },
	{ "name": "Valentina Ball", "id": "beb4b437-1e93-af87-3e91-748ea24d931d" },
	{ "name": "Gabriela Marshall", "id": "8f369182-2924-75b6-5601-26806f8d86a1" },
	{ "name": "Ethel Kearns", "id": "63317d9a-dfdb-fad7-ff80-6750dc2d30af" },
	{ "name": "Leila Finnegan", "id": "3e8c4668-364c-6ed5-ca91-683598c1853c" },
	{ "name": "Tilly-Mae Esparza", "id": "542299f5-0c25-e88b-c55c-7d4adb78b6d3" },
	{ "name": "Violet Waller", "id": "efc699e8-5c98-5ac5-8109-224e29f204ec" },
	{ "name": "Gurleen Ramirez", "id": "86671cf1-3cf3-76b3-b9c4-988fcc2b3b89" }
]
